sourceCode,sourceName,sourceFrequency,sourceAutoAssignedConceptIds,matchScore,mappingStatus,equivalence,statusSetBy,statusSetOn,conceptId,conceptName,domainId,mappingType,comment,createdBy,createdOn,assignedReviewer,ADD_INFO:sourceConceptId,ADD_INFO:sourceConceptClass,ADD_INFO:sourceDomain,ADD_INFO:sourceValidStartDate,ADD_INFO:sourceValidEndDate,ADD_INFO:sourceParents,ADD_INFO:sourceParentVocabulary,ADD_INFO:sourceName_fi,ADD_INFO:validationMessages,ADD_INFO:autoUpdatingInfo
A*01:01,HLA A*01:01 allele (imputed),94517,,,APPROVED,,,1765534929000,,,,,,,1765534929000,,2002340000,imputed HLA,Measurement,1900-01-01,2099-12-31,,,,,
A*01:02,HLA A*01:02 allele (imputed),9,,,APPROVED,,,1765534929000,,,,,,,1765534929000,,2002340001,imputed HLA,Measurement,1900-01-01,2099-12-31,,,,,
A*02:01,HLA A*02:01 allele (imputed),348619,,,APPROVED,,,1765534929000,,,,,,,1765534929000,,2002340002,imputed HLA,Measurement,1900-01-01,2099-12-31,,,,,
A*02:05,HLA A*02:05 allele (imputed),792,,,APPROVED,,,1765534929000,,,,,,,1765534929000,,2002340003,imputed HLA,Measurement,1900-01-01,2099-12-31,,,,,
A*03:01,HLA A*03:01 allele (imputed),258643,,,APPROVED,,,1765534929000,,,,,,,1765534929000,,2002340004,imputed HLA,Measurement,1900-01-01,2099-12-31,,,,,
A*11:01,HLA A*11:01 allele (imputed),43544,,,APPROVED,,,1765534929000,,,,,,,1765534929000,,2002340005,imputed HLA,Measurement,1900-01-01,2099-12-31,,,,,
A*23:01,HLA A*23:01 allele (imputed),4011,,,APPROVED,,,1765534929000,,,,,,,1765534929000,,2002340006,imputed HLA,Measurement,1900-01-01,2099-12-31,,,,,
A*24:02,HLA A*24:02 allele (imputed),96120,,,APPROVED,,,1765534929000,,,,,,,1765534929000,,2002340007,imputed HLA,Measurement,1900-01-01,2099-12-31,,,,,
A*25:01,HLA A*25:01 allele (imputed),12806,,,APPROVED,,,1765534929000,,,,,,,1765534929000,,2002340008,imputed HLA,Measurement,1900-01-01,2099-12-31,,,,,
A*26:01,HLA A*26:01 allele (imputed),18330,,,APPROVED,,,1765534929000,,,,,,,1765534929000,,2002340009,imputed HLA,Measurement,1900-01-01,2099-12-31,,,,,
A*29:01,HLA A*29:01 allele (imputed),2589,,,APPROVED,,,1765534929000,,,,,,,1765534929000,,2002340010,imputed HLA,Measurement,1900-01-01,2099-12-31,,,,,
A*29:02,HLA A*29:02 allele (imputed),2944,,,APPROVED,,,1765534929000,,,,,,,1765534929000,,2002340011,imputed HLA,Measurement,1900-01-01,2099-12-31,,,,,
A*30:01,HLA A*30:01 allele (imputed),2792,,,APPROVED,,,1765534929000,,,,,,,1765534929000,,2002340012,imputed HLA,Measurement,1900-01-01,2099-12-31,,,,,
A*30:02,HLA A*30:02 allele (imputed),7,,,APPROVED,,,1765534929000,,,,,,,1765534929000,,2002340013,imputed HLA,Measurement,1900-01-01,2099-12-31,,,,,
A*31:01,HLA A*31:01 allele (imputed),41553,,,APPROVED,,,1765534929000,,,,,,,1765534929000,,2002340014,imputed HLA,Measurement,1900-01-01,2099-12-31,,,,,
A*32:01,HLA A*32:01 allele (imputed),38925,,,APPROVED,,,1765534929000,,,,,,,1765534929000,,2002340015,imputed HLA,Measurement,1900-01-01,2099-12-31,,,,,
A*33:01,HLA A*33:01 allele (imputed),1160,,,APPROVED,,,1765534929000,,,,,,,1765534929000,,2002340016,imputed HLA,Measurement,1900-01-01,2099-12-31,,,,,
A*33:03,HLA A*33:03 allele (imputed),2430,,,APPROVED,,,1765534929000,,,,,,,1765534929000,,2002340017,imputed HLA,Measurement,1900-01-01,2099-12-31,,,,,
A*68167,HLA A*68167 allele (imputed),1,,,APPROVED,,,1765534929000,,,,,,,1765534929000,,2002340018,imputed HLA,Measurement,1900-01-01,2099-12-31,,,,,
A*68:01,HLA A*68:01 allele (imputed),62698,,,APPROVED,,,1765534929000,,,,,,,1765534929000,,2002340019,imputed HLA,Measurement,1900-01-01,2099-12-31,,,,,
A*69:01,HLA A*69:01 allele (imputed),712,,,APPROVED,,,1765534929000,,,,,,,1765534929000,,2002340020,imputed HLA,Measurement,1900-01-01,2099-12-31,,,,,
B*07:02,HLA B*07:02 allele (imputed),139566,,,APPROVED,,,1765534929000,,,,,,,1765534929000,,2002340021,imputed HLA,Measurement,1900-01-01,2099-12-31,,,,,
B*08:01,HLA B*08:01 allele (imputed),94010,,,APPROVED,,,1765534929000,,,,,,,1765534929000,,2002340022,imputed HLA,Measurement,1900-01-01,2099-12-31,,,,,
B*13:01,HLA B*13:01 allele (imputed),11,,,APPROVED,,,1765534929000,,,,,,,1765534929000,,2002340023,imputed HLA,Measurement,1900-01-01,2099-12-31,,,,,
B*13:02,HLA B*13:02 allele (imputed),31082,,,APPROVED,,,1765534929000,,,,,,,1765534929000,,2002340024,imputed HLA,Measurement,1900-01-01,2099-12-31,,,,,
B*14:01,HLA B*14:01 allele (imputed),463,,,APPROVED,,,1765534929000,,,,,,,1765534929000,,2002340025,imputed HLA,Measurement,1900-01-01,2099-12-31,,,,,
B*14:02,HLA B*14:02 allele (imputed),3101,,,APPROVED,,,1765534929000,,,,,,,1765534929000,,2002340026,imputed HLA,Measurement,1900-01-01,2099-12-31,,,,,
B*15:01,HLA B*15:01 allele (imputed),135715,,,APPROVED,,,1765534929000,,,,,,,1765534929000,,2002340027,imputed HLA,Measurement,1900-01-01,2099-12-31,,,,,
B*15:16,HLA B*15:16 allele (imputed),20,,,APPROVED,,,1765534929000,,,,,,,1765534929000,,2002340028,imputed HLA,Measurement,1900-01-01,2099-12-31,,,,,
B*15:17,HLA B*15:17 allele (imputed),1,,,APPROVED,,,1765534929000,,,,,,,1765534929000,,2002340029,imputed HLA,Measurement,1900-01-01,2099-12-31,,,,,
B*18:01,HLA B*18:01 allele (imputed),51488,,,APPROVED,,,1765534929000,,,,,,,1765534929000,,2002340030,imputed HLA,Measurement,1900-01-01,2099-12-31,,,,,
B*27:02,HLA B*27:02 allele (imputed),1307,,,APPROVED,,,1765534929000,,,,,,,1765534929000,,2002340031,imputed HLA,Measurement,1900-01-01,2099-12-31,,,,,
B*27:05,HLA B*27:05 allele (imputed),81286,,,APPROVED,,,1765534929000,,,,,,,1765534929000,,2002340032,imputed HLA,Measurement,1900-01-01,2099-12-31,,,,,
B*35:01,HLA B*35:01 allele (imputed),133907,,,APPROVED,,,1765534929000,,,,,,,1765534929000,,2002340033,imputed HLA,Measurement,1900-01-01,2099-12-31,,,,,
B*35:02,HLA B*35:02 allele (imputed),769,,,APPROVED,,,1765534929000,,,,,,,1765534929000,,2002340034,imputed HLA,Measurement,1900-01-01,2099-12-31,,,,,
B*35:03,HLA B*35:03 allele (imputed),621,,,APPROVED,,,1765534929000,,,,,,,1765534929000,,2002340035,imputed HLA,Measurement,1900-01-01,2099-12-31,,,,,
B*35:08,HLA B*35:08 allele (imputed),2220,,,APPROVED,,,1765534929000,,,,,,,1765534929000,,2002340036,imputed HLA,Measurement,1900-01-01,2099-12-31,,,,,
B*37:01,HLA B*37:01 allele (imputed),7956,,,APPROVED,,,1765534929000,,,,,,,1765534929000,,2002340037,imputed HLA,Measurement,1900-01-01,2099-12-31,,,,,
B*38:01,HLA B*38:01 allele (imputed),8623,,,APPROVED,,,1765534929000,,,,,,,1765534929000,,2002340038,imputed HLA,Measurement,1900-01-01,2099-12-31,,,,,
B*39:01,HLA B*39:01 allele (imputed),37060,,,APPROVED,,,1765534929000,,,,,,,1765534929000,,2002340039,imputed HLA,Measurement,1900-01-01,2099-12-31,,,,,
B*39:06,HLA B*39:06 allele (imputed),657,,,APPROVED,,,1765534929000,,,,,,,1765534929000,,2002340040,imputed HLA,Measurement,1900-01-01,2099-12-31,,,,,
B*39:24,HLA B*39:24 allele (imputed),6,,,APPROVED,,,1765534929000,,,,,,,1765534929000,,2002340041,imputed HLA,Measurement,1900-01-01,2099-12-31,,,,,
B*40:01,HLA B*40:01 allele (imputed),63526,,,APPROVED,,,1765534929000,,,,,,,1765534929000,,2002340042,imputed HLA,Measurement,1900-01-01,2099-12-31,,,,,
B*40:02,HLA B*40:02 allele (imputed),27024,,,APPROVED,,,1765534929000,,,,,,,1765534929000,,2002340043,imputed HLA,Measurement,1900-01-01,2099-12-31,,,,,
B*41:01,HLA B*41:01 allele (imputed),2581,,,APPROVED,,,1765534929000,,,,,,,1765534929000,,2002340044,imputed HLA,Measurement,1900-01-01,2099-12-31,,,,,
B*41:02,HLA B*41:02 allele (imputed),2343,,,APPROVED,,,1765534929000,,,,,,,1765534929000,,2002340045,imputed HLA,Measurement,1900-01-01,2099-12-31,,,,,
B*44:02,HLA B*44:02 allele (imputed),64351,,,APPROVED,,,1765534929000,,,,,,,1765534929000,,2002340046,imputed HLA,Measurement,1900-01-01,2099-12-31,,,,,
B*44:03,HLA B*44:03 allele (imputed),8919,,,APPROVED,,,1765534929000,,,,,,,1765534929000,,2002340047,imputed HLA,Measurement,1900-01-01,2099-12-31,,,,,
B*44:27,HLA B*44:27 allele (imputed),7400,,,APPROVED,,,1765534929000,,,,,,,1765534929000,,2002340048,imputed HLA,Measurement,1900-01-01,2099-12-31,,,,,
B*45:01,HLA B*45:01 allele (imputed),884,,,APPROVED,,,1765534929000,,,,,,,1765534929000,,2002340049,imputed HLA,Measurement,1900-01-01,2099-12-31,,,,,
B*47:01,HLA B*47:01 allele (imputed),7003,,,APPROVED,,,1765534929000,,,,,,,1765534929000,,2002340050,imputed HLA,Measurement,1900-01-01,2099-12-31,,,,,
B*49:01,HLA B*49:01 allele (imputed),1480,,,APPROVED,,,1765534929000,,,,,,,1765534929000,,2002340051,imputed HLA,Measurement,1900-01-01,2099-12-31,,,,,
B*50:01,HLA B*50:01 allele (imputed),616,,,APPROVED,,,1765534929000,,,,,,,1765534929000,,2002340052,imputed HLA,Measurement,1900-01-01,2099-12-31,,,,,
B*51:01,HLA B*51:01 allele (imputed),62478,,,APPROVED,,,1765534929000,,,,,,,1765534929000,,2002340053,imputed HLA,Measurement,1900-01-01,2099-12-31,,,,,
B*52:01,HLA B*52:01 allele (imputed),4,,,APPROVED,,,1765534929000,,,,,,,1765534929000,,2002340054,imputed HLA,Measurement,1900-01-01,2099-12-31,,,,,
B*55:01,HLA B*55:01 allele (imputed),4918,,,APPROVED,,,1765534929000,,,,,,,1765534929000,,2002340055,imputed HLA,Measurement,1900-01-01,2099-12-31,,,,,
B*56:01,HLA B*56:01 allele (imputed),20801,,,APPROVED,,,1765534929000,,,,,,,1765534929000,,2002340056,imputed HLA,Measurement,1900-01-01,2099-12-31,,,,,
B*57:01,HLA B*57:01 allele (imputed),13465,,,APPROVED,,,1765534929000,,,,,,,1765534929000,,2002340057,imputed HLA,Measurement,1900-01-01,2099-12-31,,,,,
B*58:01,HLA B*58:01 allele (imputed),3255,,,APPROVED,,,1765534929000,,,,,,,1765534929000,,2002340058,imputed HLA,Measurement,1900-01-01,2099-12-31,,,,,
C*01:02,HLA C*01:02 allele (imputed),73324,,,APPROVED,,,1765534929000,,,,,,,1765534929000,,2002340059,imputed HLA,Measurement,1900-01-01,2099-12-31,,,,,
C*02:02,HLA C*02:02 allele (imputed),60000,,,APPROVED,,,1765534929000,,,,,,,1765534929000,,2002340060,imputed HLA,Measurement,1900-01-01,2099-12-31,,,,,
C*03:02,HLA C*03:02 allele (imputed),3385,,,APPROVED,,,1765534929000,,,,,,,1765534929000,,2002340061,imputed HLA,Measurement,1900-01-01,2099-12-31,,,,,
C*03:03,HLA C*03:03 allele (imputed),85078,,,APPROVED,,,1765534929000,,,,,,,1765534929000,,2002340062,imputed HLA,Measurement,1900-01-01,2099-12-31,,,,,
C*03:04,HLA C*03:04 allele (imputed),129686,,,APPROVED,,,1765534929000,,,,,,,1765534929000,,2002340063,imputed HLA,Measurement,1900-01-01,2099-12-31,,,,,
C*04:01,HLA C*04:01 allele (imputed),163774,,,APPROVED,,,1765534929000,,,,,,,1765534929000,,2002340064,imputed HLA,Measurement,1900-01-01,2099-12-31,,,,,
C*05:01,HLA C*05:01 allele (imputed),56708,,,APPROVED,,,1765534929000,,,,,,,1765534929000,,2002340065,imputed HLA,Measurement,1900-01-01,2099-12-31,,,,,
C*06:02,HLA C*06:02 allele (imputed),63808,,,APPROVED,,,1765534929000,,,,,,,1765534929000,,2002340066,imputed HLA,Measurement,1900-01-01,2099-12-31,,,,,
C*07:01,HLA C*07:01 allele (imputed),130638,,,APPROVED,,,1765534929000,,,,,,,1765534929000,,2002340067,imputed HLA,Measurement,1900-01-01,2099-12-31,,,,,
C*07:02,HLA C*07:02 allele (imputed),152579,,,APPROVED,,,1765534929000,,,,,,,1765534929000,,2002340068,imputed HLA,Measurement,1900-01-01,2099-12-31,,,,,
C*07:04,HLA C*07:04 allele (imputed),20067,,,APPROVED,,,1765534929000,,,,,,,1765534929000,,2002340069,imputed HLA,Measurement,1900-01-01,2099-12-31,,,,,
C*08:02,HLA C*08:02 allele (imputed),2592,,,APPROVED,,,1765534929000,,,,,,,1765534929000,,2002340070,imputed HLA,Measurement,1900-01-01,2099-12-31,,,,,
C*12:02,HLA C*12:02 allele (imputed),8,,,APPROVED,,,1765534929000,,,,,,,1765534929000,,2002340071,imputed HLA,Measurement,1900-01-01,2099-12-31,,,,,
C*12:03,HLA C*12:03 allele (imputed),35638,,,APPROVED,,,1765534929000,,,,,,,1765534929000,,2002340072,imputed HLA,Measurement,1900-01-01,2099-12-31,,,,,
C*14:02,HLA C*14:02 allele (imputed),14514,,,APPROVED,,,1765534929000,,,,,,,1765534929000,,2002340073,imputed HLA,Measurement,1900-01-01,2099-12-31,,,,,
C*15:02,HLA C*15:02 allele (imputed),28004,,,APPROVED,,,1765534929000,,,,,,,1765534929000,,2002340074,imputed HLA,Measurement,1900-01-01,2099-12-31,,,,,
C*15:05,HLA C*15:05 allele (imputed),271,,,APPROVED,,,1765534929000,,,,,,,1765534929000,,2002340075,imputed HLA,Measurement,1900-01-01,2099-12-31,,,,,
C*16:01,HLA C*16:01 allele (imputed),4126,,,APPROVED,,,1765534929000,,,,,,,1765534929000,,2002340076,imputed HLA,Measurement,1900-01-01,2099-12-31,,,,,
C*16:02,HLA C*16:02 allele (imputed),1,,,APPROVED,,,1765534929000,,,,,,,1765534929000,,2002340077,imputed HLA,Measurement,1900-01-01,2099-12-31,,,,,
C*17:01,HLA C*17:01 allele (imputed),2515,,,APPROVED,,,1765534929000,,,,,,,1765534929000,,2002340078,imputed HLA,Measurement,1900-01-01,2099-12-31,,,,,
C*17:03,HLA C*17:03 allele (imputed),2339,,,APPROVED,,,1765534929000,,,,,,,1765534929000,,2002340079,imputed HLA,Measurement,1900-01-01,2099-12-31,,,,,
DPB1*01:01,HLA DPB1*01:01 allele (imputed),58303,,,APPROVED,,,1765534929000,,,,,,,1765534929000,,2002340080,imputed HLA,Measurement,1900-01-01,2099-12-31,,,,,
DPB1*02:01,HLA DPB1*02:01 allele (imputed),143735,,,APPROVED,,,1765534929000,,,,,,,1765534929000,,2002340081,imputed HLA,Measurement,1900-01-01,2099-12-31,,,,,
DPB1*02:02,HLA DPB1*02:02 allele (imputed),913,,,APPROVED,,,1765534929000,,,,,,,1765534929000,,2002340082,imputed HLA,Measurement,1900-01-01,2099-12-31,,,,,
DPB1*03:01,HLA DPB1*03:01 allele (imputed),137292,,,APPROVED,,,1765534929000,,,,,,,1765534929000,,2002340083,imputed HLA,Measurement,1900-01-01,2099-12-31,,,,,
DPB1*04:01,HLA DPB1*04:01 allele (imputed),420835,,,APPROVED,,,1765534929000,,,,,,,1765534929000,,2002340084,imputed HLA,Measurement,1900-01-01,2099-12-31,,,,,
DPB1*04:02,HLA DPB1*04:02 allele (imputed),199388,,,APPROVED,,,1765534929000,,,,,,,1765534929000,,2002340085,imputed HLA,Measurement,1900-01-01,2099-12-31,,,,,
DPB1*05:01,HLA DPB1*05:01 allele (imputed),24298,,,APPROVED,,,1765534929000,,,,,,,1765534929000,,2002340086,imputed HLA,Measurement,1900-01-01,2099-12-31,,,,,
DPB1*06:01,HLA DPB1*06:01 allele (imputed),231,,,APPROVED,,,1765534929000,,,,,,,1765534929000,,2002340087,imputed HLA,Measurement,1900-01-01,2099-12-31,,,,,
DPB1*09:01,HLA DPB1*09:01 allele (imputed),6,,,APPROVED,,,1765534929000,,,,,,,1765534929000,,2002340088,imputed HLA,Measurement,1900-01-01,2099-12-31,,,,,
DPB1*105:01,HLA DPB1*105:01 allele (imputed),1843,,,APPROVED,,,1765534929000,,,,,,,1765534929000,,2002340089,imputed HLA,Measurement,1900-01-01,2099-12-31,,,,,
DPB1*10:01,HLA DPB1*10:01 allele (imputed),1328,,,APPROVED,,,1765534929000,,,,,,,1765534929000,,2002340090,imputed HLA,Measurement,1900-01-01,2099-12-31,,,,,
DPB1*11:01,HLA DPB1*11:01 allele (imputed),1808,,,APPROVED,,,1765534929000,,,,,,,1765534929000,,2002340091,imputed HLA,Measurement,1900-01-01,2099-12-31,,,,,
DPB1*13:01,HLA DPB1*13:01 allele (imputed),3144,,,APPROVED,,,1765534929000,,,,,,,1765534929000,,2002340092,imputed HLA,Measurement,1900-01-01,2099-12-31,,,,,
DPB1*14:01,HLA DPB1*14:01 allele (imputed),14550,,,APPROVED,,,1765534929000,,,,,,,1765534929000,,2002340093,imputed HLA,Measurement,1900-01-01,2099-12-31,,,,,
DPB1*15:01,HLA DPB1*15:01 allele (imputed),4952,,,APPROVED,,,1765534929000,,,,,,,1765534929000,,2002340094,imputed HLA,Measurement,1900-01-01,2099-12-31,,,,,
DPB1*16:01,HLA DPB1*16:01 allele (imputed),5214,,,APPROVED,,,1765534929000,,,,,,,1765534929000,,2002340095,imputed HLA,Measurement,1900-01-01,2099-12-31,,,,,
DPB1*17:01,HLA DPB1*17:01 allele (imputed),4674,,,APPROVED,,,1765534929000,,,,,,,1765534929000,,2002340096,imputed HLA,Measurement,1900-01-01,2099-12-31,,,,,
DPB1*19:01,HLA DPB1*19:01 allele (imputed),5149,,,APPROVED,,,1765534929000,,,,,,,1765534929000,,2002340097,imputed HLA,Measurement,1900-01-01,2099-12-31,,,,,
DPB1*20:01,HLA DPB1*20:01 allele (imputed),4838,,,APPROVED,,,1765534929000,,,,,,,1765534929000,,2002340098,imputed HLA,Measurement,1900-01-01,2099-12-31,,,,,
DPB1*23:01,HLA DPB1*23:01 allele (imputed),3,,,APPROVED,,,1765534929000,,,,,,,1765534929000,,2002340099,imputed HLA,Measurement,1900-01-01,2099-12-31,,,,,
DQA1*01:01,HLA DQA1*01:01 allele (imputed),190209,,,APPROVED,,,1765534929000,,,,,,,1765534929000,,2002340100,imputed HLA,Measurement,1900-01-01,2099-12-31,,,,,
DQA1*01:02,HLA DQA1*01:02 allele (imputed),189062,,,APPROVED,,,1765534929000,,,,,,,1765534929000,,2002340101,imputed HLA,Measurement,1900-01-01,2099-12-31,,,,,
DQA1*01:03,HLA DQA1*01:03 allele (imputed),90897,,,APPROVED,,,1765534929000,,,,,,,1765534929000,,2002340102,imputed HLA,Measurement,1900-01-01,2099-12-31,,,,,
DQA1*01:04,HLA DQA1*01:04 allele (imputed),12698,,,APPROVED,,,1765534929000,,,,,,,1765534929000,,2002340103,imputed HLA,Measurement,1900-01-01,2099-12-31,,,,,
DQA1*01:05,HLA DQA1*01:05 allele (imputed),8826,,,APPROVED,,,1765534929000,,,,,,,1765534929000,,2002340104,imputed HLA,Measurement,1900-01-01,2099-12-31,,,,,
DQA1*02:01,HLA DQA1*02:01 allele (imputed),58965,,,APPROVED,,,1765534929000,,,,,,,1765534929000,,2002340105,imputed HLA,Measurement,1900-01-01,2099-12-31,,,,,
DQA1*03:01,HLA DQA1*03:01 allele (imputed),122199,,,APPROVED,,,1765534929000,,,,,,,1765534929000,,2002340106,imputed HLA,Measurement,1900-01-01,2099-12-31,,,,,
DQA1*03:02,HLA DQA1*03:02 allele (imputed),41482,,,APPROVED,,,1765534929000,,,,,,,1765534929000,,2002340107,imputed HLA,Measurement,1900-01-01,2099-12-31,,,,,
DQA1*03:03,HLA DQA1*03:03 allele (imputed),24071,,,APPROVED,,,1765534929000,,,,,,,1765534929000,,2002340108,imputed HLA,Measurement,1900-01-01,2099-12-31,,,,,
DQA1*04:01,HLA DQA1*04:01 allele (imputed),99458,,,APPROVED,,,1765534929000,,,,,,,1765534929000,,2002340109,imputed HLA,Measurement,1900-01-01,2099-12-31,,,,,
DQA1*04:02,HLA DQA1*04:02 allele (imputed),1,,,APPROVED,,,1765534929000,,,,,,,1765534929000,,2002340110,imputed HLA,Measurement,1900-01-01,2099-12-31,,,,,
DQA1*05:01,HLA DQA1*05:01 allele (imputed),102296,,,APPROVED,,,1765534929000,,,,,,,1765534929000,,2002340111,imputed HLA,Measurement,1900-01-01,2099-12-31,,,,,
DQA1*05:03,HLA DQA1*05:03 allele (imputed),3898,,,APPROVED,,,1765534929000,,,,,,,1765534929000,,2002340112,imputed HLA,Measurement,1900-01-01,2099-12-31,,,,,
DQA1*05:05,HLA DQA1*05:05 allele (imputed),77811,,,APPROVED,,,1765534929000,,,,,,,1765534929000,,2002340113,imputed HLA,Measurement,1900-01-01,2099-12-31,,,,,
DQA1*06:01,HLA DQA1*06:01 allele (imputed),673,,,APPROVED,,,1765534929000,,,,,,,1765534929000,,2002340114,imputed HLA,Measurement,1900-01-01,2099-12-31,,,,,
DQB1*02:01,HLA DQB1*02:01 allele (imputed),103937,,,APPROVED,,,1765534929000,,,,,,,1765534929000,,2002340115,imputed HLA,Measurement,1900-01-01,2099-12-31,,,,,
DQB1*02:02,HLA DQB1*02:02 allele (imputed),43190,,,APPROVED,,,1765534929000,,,,,,,1765534929000,,2002340116,imputed HLA,Measurement,1900-01-01,2099-12-31,,,,,
DQB1*03:01,HLA DQB1*03:01 allele (imputed),115748,,,APPROVED,,,1765534929000,,,,,,,1765534929000,,2002340117,imputed HLA,Measurement,1900-01-01,2099-12-31,,,,,
DQB1*03:02,HLA DQB1*03:02 allele (imputed),122219,,,APPROVED,,,1765534929000,,,,,,,1765534929000,,2002340118,imputed HLA,Measurement,1900-01-01,2099-12-31,,,,,
DQB1*03:03,HLA DQB1*03:03 allele (imputed),58460,,,APPROVED,,,1765534929000,,,,,,,1765534929000,,2002340119,imputed HLA,Measurement,1900-01-01,2099-12-31,,,,,
DQB1*03:04,HLA DQB1*03:04 allele (imputed),104,,,APPROVED,,,1765534929000,,,,,,,1765534929000,,2002340120,imputed HLA,Measurement,1900-01-01,2099-12-31,,,,,
DQB1*04:02,HLA DQB1*04:02 allele (imputed),99231,,,APPROVED,,,1765534929000,,,,,,,1765534929000,,2002340121,imputed HLA,Measurement,1900-01-01,2099-12-31,,,,,
DQB1*05:01,HLA DQB1*05:01 allele (imputed),199290,,,APPROVED,,,1765534929000,,,,,,,1765534929000,,2002340122,imputed HLA,Measurement,1900-01-01,2099-12-31,,,,,
DQB1*05:02,HLA DQB1*05:02 allele (imputed),10613,,,APPROVED,,,1765534929000,,,,,,,1765534929000,,2002340123,imputed HLA,Measurement,1900-01-01,2099-12-31,,,,,
DQB1*05:03,HLA DQB1*05:03 allele (imputed),12041,,,APPROVED,,,1765534929000,,,,,,,1765534929000,,2002340124,imputed HLA,Measurement,1900-01-01,2099-12-31,,,,,
DQB1*06:01,HLA DQB1*06:01 allele (imputed),432,,,APPROVED,,,1765534929000,,,,,,,1765534929000,,2002340125,imputed HLA,Measurement,1900-01-01,2099-12-31,,,,,
DQB1*06:02,HLA DQB1*06:02 allele (imputed),141368,,,APPROVED,,,1765534929000,,,,,,,1765534929000,,2002340126,imputed HLA,Measurement,1900-01-01,2099-12-31,,,,,
DQB1*06:03,HLA DQB1*06:03 allele (imputed),91130,,,APPROVED,,,1765534929000,,,,,,,1765534929000,,2002340127,imputed HLA,Measurement,1900-01-01,2099-12-31,,,,,
DQB1*06:04,HLA DQB1*06:04 allele (imputed),34101,,,APPROVED,,,1765534929000,,,,,,,1765534929000,,2002340128,imputed HLA,Measurement,1900-01-01,2099-12-31,,,,,
DQB1*06:09,HLA DQB1*06:09 allele (imputed),897,,,APPROVED,,,1765534929000,,,,,,,1765534929000,,2002340129,imputed HLA,Measurement,1900-01-01,2099-12-31,,,,,
DRB1*01:01,HLA DRB1*01:01 allele (imputed),187434,,,APPROVED,,,1765534929000,,,,,,,1765534929000,,2002340130,imputed HLA,Measurement,1900-01-01,2099-12-31,,,,,
DRB1*01:02,HLA DRB1*01:02 allele (imputed),2337,,,APPROVED,,,1765534929000,,,,,,,1765534929000,,2002340131,imputed HLA,Measurement,1900-01-01,2099-12-31,,,,,
DRB1*01:03,HLA DRB1*01:03 allele (imputed),365,,,APPROVED,,,1765534929000,,,,,,,1765534929000,,2002340132,imputed HLA,Measurement,1900-01-01,2099-12-31,,,,,
DRB1*03:01,HLA DRB1*03:01 allele (imputed),103551,,,APPROVED,,,1765534929000,,,,,,,1765534929000,,2002340133,imputed HLA,Measurement,1900-01-01,2099-12-31,,,,,
DRB1*04:01,HLA DRB1*04:01 allele (imputed),89087,,,APPROVED,,,1765534929000,,,,,,,1765534929000,,2002340134,imputed HLA,Measurement,1900-01-01,2099-12-31,,,,,
DRB1*04:03,HLA DRB1*04:03 allele (imputed),362,,,APPROVED,,,1765534929000,,,,,,,1765534929000,,2002340135,imputed HLA,Measurement,1900-01-01,2099-12-31,,,,,
DRB1*04:04,HLA DRB1*04:04 allele (imputed),41302,,,APPROVED,,,1765534929000,,,,,,,1765534929000,,2002340136,imputed HLA,Measurement,1900-01-01,2099-12-31,,,,,
DRB1*04:05,HLA DRB1*04:05 allele (imputed),344,,,APPROVED,,,1765534929000,,,,,,,1765534929000,,2002340137,imputed HLA,Measurement,1900-01-01,2099-12-31,,,,,
DRB1*04:07,HLA DRB1*04:07 allele (imputed),1179,,,APPROVED,,,1765534929000,,,,,,,1765534929000,,2002340138,imputed HLA,Measurement,1900-01-01,2099-12-31,,,,,
DRB1*04:08,HLA DRB1*04:08 allele (imputed),11731,,,APPROVED,,,1765534929000,,,,,,,1765534929000,,2002340139,imputed HLA,Measurement,1900-01-01,2099-12-31,,,,,
DRB1*07:01,HLA DRB1*07:01 allele (imputed),58112,,,APPROVED,,,1765534929000,,,,,,,1765534929000,,2002340140,imputed HLA,Measurement,1900-01-01,2099-12-31,,,,,
DRB1*08:01,HLA DRB1*08:01 allele (imputed),98065,,,APPROVED,,,1765534929000,,,,,,,1765534929000,,2002340141,imputed HLA,Measurement,1900-01-01,2099-12-31,,,,,
DRB1*08:02,HLA DRB1*08:02 allele (imputed),1325,,,APPROVED,,,1765534929000,,,,,,,1765534929000,,2002340142,imputed HLA,Measurement,1900-01-01,2099-12-31,,,,,
DRB1*08:03,HLA DRB1*08:03 allele (imputed),626,,,APPROVED,,,1765534929000,,,,,,,1765534929000,,2002340143,imputed HLA,Measurement,1900-01-01,2099-12-31,,,,,
DRB1*09:01,HLA DRB1*09:01 allele (imputed),35728,,,APPROVED,,,1765534929000,,,,,,,1765534929000,,2002340144,imputed HLA,Measurement,1900-01-01,2099-12-31,,,,,
DRB1*10:01,HLA DRB1*10:01 allele (imputed),8901,,,APPROVED,,,1765534929000,,,,,,,1765534929000,,2002340145,imputed HLA,Measurement,1900-01-01,2099-12-31,,,,,
DRB1*11:01,HLA DRB1*11:01 allele (imputed),37926,,,APPROVED,,,1765534929000,,,,,,,1765534929000,,2002340146,imputed HLA,Measurement,1900-01-01,2099-12-31,,,,,
DRB1*11:03,HLA DRB1*11:03 allele (imputed),729,,,APPROVED,,,1765534929000,,,,,,,1765534929000,,2002340147,imputed HLA,Measurement,1900-01-01,2099-12-31,,,,,
DRB1*11:04,HLA DRB1*11:04 allele (imputed),3591,,,APPROVED,,,1765534929000,,,,,,,1765534929000,,2002340148,imputed HLA,Measurement,1900-01-01,2099-12-31,,,,,
DRB1*12:01,HLA DRB1*12:01 allele (imputed),26541,,,APPROVED,,,1765534929000,,,,,,,1765534929000,,2002340149,imputed HLA,Measurement,1900-01-01,2099-12-31,,,,,
DRB1*13:01,HLA DRB1*13:01 allele (imputed),98581,,,APPROVED,,,1765534929000,,,,,,,1765534929000,,2002340150,imputed HLA,Measurement,1900-01-01,2099-12-31,,,,,
DRB1*13:02,HLA DRB1*13:02 allele (imputed),36394,,,APPROVED,,,1765534929000,,,,,,,1765534929000,,2002340151,imputed HLA,Measurement,1900-01-01,2099-12-31,,,,,
DRB1*13:03,HLA DRB1*13:03 allele (imputed),5080,,,APPROVED,,,1765534929000,,,,,,,1765534929000,,2002340152,imputed HLA,Measurement,1900-01-01,2099-12-31,,,,,
DRB1*14:01,HLA DRB1*14:01 allele (imputed),989,,,APPROVED,,,1765534929000,,,,,,,1765534929000,,2002340153,imputed HLA,Measurement,1900-01-01,2099-12-31,,,,,
DRB1*14:02,HLA DRB1*14:02 allele (imputed),3919,,,APPROVED,,,1765534929000,,,,,,,1765534929000,,2002340154,imputed HLA,Measurement,1900-01-01,2099-12-31,,,,,
DRB1*14:54,HLA DRB1*14:54 allele (imputed),6615,,,APPROVED,,,1765534929000,,,,,,,1765534929000,,2002340155,imputed HLA,Measurement,1900-01-01,2099-12-31,,,,,
DRB1*15:01,HLA DRB1*15:01 allele (imputed),143215,,,APPROVED,,,1765534929000,,,,,,,1765534929000,,2002340156,imputed HLA,Measurement,1900-01-01,2099-12-31,,,,,
DRB1*15:02,HLA DRB1*15:02 allele (imputed),826,,,APPROVED,,,1765534929000,,,,,,,1765534929000,,2002340157,imputed HLA,Measurement,1900-01-01,2099-12-31,,,,,
DRB1*16:01,HLA DRB1*16:01 allele (imputed),8754,,,APPROVED,,,1765534929000,,,,,,,1765534929000,,2002340158,imputed HLA,Measurement,1900-01-01,2099-12-31,,,,,
DRB3*01:01,HLA DRB3*01:01 allele (imputed),185432,,,APPROVED,,,1765534929000,,,,,,,1765534929000,,2002340159,imputed HLA,Measurement,1900-01-01,2099-12-31,,,,,
DRB3*02:02,HLA DRB3*02:02 allele (imputed),110647,,,APPROVED,,,1765534929000,,,,,,,1765534929000,,2002340160,imputed HLA,Measurement,1900-01-01,2099-12-31,,,,,
DRB3*03:01,HLA DRB3*03:01 allele (imputed),35275,,,APPROVED,,,1765534929000,,,,,,,1765534929000,,2002340161,imputed HLA,Measurement,1900-01-01,2099-12-31,,,,,
DRB4*01:01,HLA DRB4*01:01 allele (imputed),8760,,,APPROVED,,,1765534929000,,,,,,,1765534929000,,2002340162,imputed HLA,Measurement,1900-01-01,2099-12-31,,,,,
DRB4*01:03,HLA DRB4*01:03 allele (imputed),225882,,,APPROVED,,,1765534929000,,,,,,,1765534929000,,2002340163,imputed HLA,Measurement,1900-01-01,2099-12-31,,,,,
DRB4*01:03N,HLA DRB4*01:03N allele (imputed),15748,,,APPROVED,,,1765534929000,,,,,,,1765534929000,,2002340164,imputed HLA,Measurement,1900-01-01,2099-12-31,,,,,
DRB5*01:01,HLA DRB5*01:01 allele (imputed),143030,,,APPROVED,,,1765534929000,,,,,,,1765534929000,,2002340165,imputed HLA,Measurement,1900-01-01,2099-12-31,,,,,
DRB5*01:02,HLA DRB5*01:02 allele (imputed),1,,,APPROVED,,,1765534929000,,,,,,,1765534929000,,2002340166,imputed HLA,Measurement,1900-01-01,2099-12-31,,,,,
DRB5*02:02,HLA DRB5*02:02 allele (imputed),8247,,,APPROVED,,,1765534929000,,,,,,,1765534929000,,2002340167,imputed HLA,Measurement,1900-01-01,2099-12-31,,,,,
